Keyword,Competition,Avg. monthly searches
hosting,Low,50000
securtiy,Low,500000
vps,Low,50000
dns lookup,Low,50000
dns checker,Low,50000
infinityfree,Low,50000
tld,Low,5000
profreehost,Low,50000
domain lookup,Low,5000
cname,Low,5000
godaddy hosting,Low,5000
godaddy domain search,Low,5000
kinsta,Low,5000
expired domains,Low,50000
subdomain,Low,5000
godaddy website,Low,5000
webhost000,Low,5000
top level domain,Low,5000
godaddy appraisal,Low,5000
namemesh,Low,5000
directadmin,Low,5000
leandomainsearch,Low,5000
googledomains,Low,50000
byethost,Low,5000
instant domain search,Low,5000
hosting checker,Low,5000
000webhosting,Low,50000
x10hosting,Low,5000
hostinger mail,Low,50000
godaddy domain appraisal,Low,5000
godaddy cpanel,Low,5000
godaddy hosting plans,Low,5000
transfer domain to godaddy,Low,5000
web hosting companies,Low,5000
domain owner,Low,5000
freenom domain,Low,5000
hostinger email,Low,5000
hostinger cpanel,Low,5000
website names,Low,5000
blue hosting,Low,50000
domain names list,Low,5000
domain details,Low,5000
domain io,Low,5000
whois hosting,Low,5000
godaddy coupons,Low,5000
domain big data,Low,5000
hostings,Low,50000
accuweb hosting,Low,5000
ipages,Low,5000
sitegrounds,Low,50000
network domain,Low,5000
hostinger reviews,Low,5000
in motion hosting,Low,5000
godaddy promocode,Low,5000
hostinger name server,Low,5000
free web subdomain,Low,5000
website name list,Low,5000
domain expired check,Low,5000
hostripple,Low,5000
dreamhosting,Low,5000
free godaddy website,Low,5000
hosting name,Low,5000
webhost bluemail,Low,5000
bluehost affiliates,Low,5000
hosting is,Low,5000
securtiy company,Low,5000
g4s securtiy,Low,5000
